event_id,product,relative_path,required_for,status,notes
,dem,data/raw/dem/dem.tif,terrain,missing,optional if terrain is inside HF NPZ
FE1,hf,data/raw/hf/FE1.npz,lsg_max_train,missing,time series preferred for LSG-TS roles; max surface sufficient for LSG-Max train
FE1,lf120,data/raw/lf120/FE1.npz,lsg_max_train,missing,time series preferred for LSG-TS roles; max surface sufficient for LSG-Max train
FE1,lf300,data/raw/lf300/FE1.npz,lsg_max_train,missing,time series preferred for LSG-TS roles; max surface sufficient for LSG-Max train
FE2,hf,data/raw/hf/FE2.npz,lsg_max_train,missing,time series preferred for LSG-TS roles; max surface sufficient for LSG-Max train
FE2,lf120,data/raw/lf120/FE2.npz,lsg_max_train,missing,time series preferred for LSG-TS roles; max surface sufficient for LSG-Max train
FE2,lf300,data/raw/lf300/FE2.npz,lsg_max_train,missing,time series preferred for LSG-TS roles; max surface sufficient for LSG-Max train
FE3,hf,data/raw/hf/FE3.npz,lsg_max_train,missing,time series preferred for LSG-TS roles; max surface sufficient for LSG-Max train
FE3,lf120,data/raw/lf120/FE3.npz,lsg_max_train,missing,time series preferred for LSG-TS roles; max surface sufficient for LSG-Max train
FE3,lf300,data/raw/lf300/FE3.npz,lsg_max_train,missing,time series preferred for LSG-TS roles; max surface sufficient for LSG-Max train
FE4,hf,data/raw/hf/FE4.npz,lsg_max_train,missing,time series preferred for LSG-TS roles; max surface sufficient for LSG-Max train
FE4,lf120,data/raw/lf120/FE4.npz,lsg_max_train,missing,time series preferred for LSG-TS roles; max surface sufficient for LSG-Max train
FE4,lf300,data/raw/lf300/FE4.npz,lsg_max_train,missing,time series preferred for LSG-TS roles; max surface sufficient for LSG-Max train
FE5,hf,data/raw/hf/FE5.npz,lsg_max_train,missing,time series preferred for LSG-TS roles; max surface sufficient for LSG-Max train
FE5,lf120,data/raw/lf120/FE5.npz,lsg_max_train,missing,time series preferred for LSG-TS roles; max surface sufficient for LSG-Max train
FE5,lf300,data/raw/lf300/FE5.npz,lsg_max_train,missing,time series preferred for LSG-TS roles; max surface sufficient for LSG-Max train
FE6,hf,data/raw/hf/FE6.npz,lsg_max_train,missing,time series preferred for LSG-TS roles; max surface sufficient for LSG-Max train
FE6,lf120,data/raw/lf120/FE6.npz,lsg_max_train,missing,time series preferred for LSG-TS roles; max surface sufficient for LSG-Max train
FE6,lf300,data/raw/lf300/FE6.npz,lsg_max_train,missing,time series preferred for LSG-TS roles; max surface sufficient for LSG-Max train
FE7,hf,data/raw/hf/FE7.npz,lsg_max_train,missing,time series preferred for LSG-TS roles; max surface sufficient for LSG-Max train
FE7,lf120,data/raw/lf120/FE7.npz,lsg_max_train,missing,time series preferred for LSG-TS roles; max surface sufficient for LSG-Max train
FE7,lf300,data/raw/lf300/FE7.npz,lsg_max_train,missing,time series preferred for LSG-TS roles; max surface sufficient for LSG-Max train
FE8,hf,data/raw/hf/FE8.npz,lsg_max_train,missing,time series preferred for LSG-TS roles; max surface sufficient for LSG-Max train
FE8,lf120,data/raw/lf120/FE8.npz,lsg_max_train,missing,time series preferred for LSG-TS roles; max surface sufficient for LSG-Max train
FE8,lf300,data/raw/lf300/FE8.npz,lsg_max_train,missing,time series preferred for LSG-TS roles; max surface sufficient for LSG-Max train
FE9,hf,data/raw/hf/FE9.npz,lsg_max_train,missing,time series preferred for LSG-TS roles; max surface sufficient for LSG-Max train
FE9,lf120,data/raw/lf120/FE9.npz,lsg_max_train,missing,time series preferred for LSG-TS roles; max surface sufficient for LSG-Max train
FE9,lf300,data/raw/lf300/FE9.npz,lsg_max_train,missing,time series preferred for LSG-TS roles; max surface sufficient for LSG-Max train
FE10,hf,data/raw/hf/FE10.npz,lsg_max_train,missing,time series preferred for LSG-TS roles; max surface sufficient for LSG-Max train
FE10,lf120,data/raw/lf120/FE10.npz,lsg_max_train,missing,time series preferred for LSG-TS roles; max surface sufficient for LSG-Max train
FE10,lf300,data/raw/lf300/FE10.npz,lsg_max_train,missing,time series preferred for LSG-TS roles; max surface sufficient for LSG-Max train
FE11,hf,data/raw/hf/FE11.npz,lsg_max_train,missing,time series preferred for LSG-TS roles; max surface sufficient for LSG-Max train
FE11,lf120,data/raw/lf120/FE11.npz,lsg_max_train,missing,time series preferred for LSG-TS roles; max surface sufficient for LSG-Max train
FE11,lf300,data/raw/lf300/FE11.npz,lsg_max_train,missing,time series preferred for LSG-TS roles; max surface sufficient for LSG-Max train
FE12,hf,data/raw/hf/FE12.npz,lsg_max_train,missing,time series preferred for LSG-TS roles; max surface sufficient for LSG-Max train
FE12,lf120,data/raw/lf120/FE12.npz,lsg_max_train,missing,time series preferred for LSG-TS roles; max surface sufficient for LSG-Max train
FE12,lf300,data/raw/lf300/FE12.npz,lsg_max_train,missing,time series preferred for LSG-TS roles; max surface sufficient for LSG-Max train
FE13,hf,data/raw/hf/FE13.npz,lsg_max_train,missing,time series preferred for LSG-TS roles; max surface sufficient for LSG-Max train
FE13,lf120,data/raw/lf120/FE13.npz,lsg_max_train,missing,time series preferred for LSG-TS roles; max surface sufficient for LSG-Max train
FE13,lf300,data/raw/lf300/FE13.npz,lsg_max_train,missing,time series preferred for LSG-TS roles; max surface sufficient for LSG-Max train
FE14,hf,data/raw/hf/FE14.npz,lsg_max_train,missing,time series preferred for LSG-TS roles; max surface sufficient for LSG-Max train
FE14,lf120,data/raw/lf120/FE14.npz,lsg_max_train,missing,time series preferred for LSG-TS roles; max surface sufficient for LSG-Max train
FE14,lf300,data/raw/lf300/FE14.npz,lsg_max_train,missing,time series preferred for LSG-TS roles; max surface sufficient for LSG-Max train
FE15,hf,data/raw/hf/FE15.npz,lsg_max_train,missing,time series preferred for LSG-TS roles; max surface sufficient for LSG-Max train
FE15,lf120,data/raw/lf120/FE15.npz,lsg_max_train,missing,time series preferred for LSG-TS roles; max surface sufficient for LSG-Max train
FE15,lf300,data/raw/lf300/FE15.npz,lsg_max_train,missing,time series preferred for LSG-TS roles; max surface sufficient for LSG-Max train
FE16,hf,data/raw/hf/FE16.npz,lsg_max_train,missing,time series preferred for LSG-TS roles; max surface sufficient for LSG-Max train
FE16,lf120,data/raw/lf120/FE16.npz,lsg_max_train,missing,time series preferred for LSG-TS roles; max surface sufficient for LSG-Max train
FE16,lf300,data/raw/lf300/FE16.npz,lsg_max_train,missing,time series preferred for LSG-TS roles; max surface sufficient for LSG-Max train
FE17,hf,data/raw/hf/FE17.npz,lsg_max_train,missing,time series preferred for LSG-TS roles; max surface sufficient for LSG-Max train
FE17,lf120,data/raw/lf120/FE17.npz,lsg_max_train,missing,time series preferred for LSG-TS roles; max surface sufficient for LSG-Max train
FE17,lf300,data/raw/lf300/FE17.npz,lsg_max_train,missing,time series preferred for LSG-TS roles; max surface sufficient for LSG-Max train
FE18,hf,data/raw/hf/FE18.npz,lsg_max_train,missing,time series preferred for LSG-TS roles; max surface sufficient for LSG-Max train
FE18,lf120,data/raw/lf120/FE18.npz,lsg_max_train,missing,time series preferred for LSG-TS roles; max surface sufficient for LSG-Max train
FE18,lf300,data/raw/lf300/FE18.npz,lsg_max_train,missing,time series preferred for LSG-TS roles; max surface sufficient for LSG-Max train
FE19,hf,data/raw/hf/FE19.npz,lsg_max_train,missing,time series preferred for LSG-TS roles; max surface sufficient for LSG-Max train
FE19,lf120,data/raw/lf120/FE19.npz,lsg_max_train,missing,time series preferred for LSG-TS roles; max surface sufficient for LSG-Max train
FE19,lf300,data/raw/lf300/FE19.npz,lsg_max_train,missing,time series preferred for LSG-TS roles; max surface sufficient for LSG-Max train
FE20,hf,data/raw/hf/FE20.npz,lsg_max_train;lsg_ts_train,missing,time series preferred for LSG-TS roles; max surface sufficient for LSG-Max train
FE20,lf120,data/raw/lf120/FE20.npz,lsg_max_train;lsg_ts_train,missing,time series preferred for LSG-TS roles; max surface sufficient for LSG-Max train
FE20,lf300,data/raw/lf300/FE20.npz,lsg_max_train;lsg_ts_train,missing,time series preferred for LSG-TS roles; max surface sufficient for LSG-Max train
FE21,hf,data/raw/hf/FE21.npz,lsg_max_validation;lsg_ts_validation,missing,time series preferred for LSG-TS roles; max surface sufficient for LSG-Max train
FE21,lf120,data/raw/lf120/FE21.npz,lsg_max_validation;lsg_ts_validation,missing,time series preferred for LSG-TS roles; max surface sufficient for LSG-Max train
FE21,lf300,data/raw/lf300/FE21.npz,lsg_max_validation;lsg_ts_validation,missing,time series preferred for LSG-TS roles; max surface sufficient for LSG-Max train
FE22,hf,data/raw/hf/FE22.npz,lsg_max_train;lsg_ts_train,missing,time series preferred for LSG-TS roles; max surface sufficient for LSG-Max train
FE22,lf120,data/raw/lf120/FE22.npz,lsg_max_train;lsg_ts_train,missing,time series preferred for LSG-TS roles; max surface sufficient for LSG-Max train
FE22,lf300,data/raw/lf300/FE22.npz,lsg_max_train;lsg_ts_train,missing,time series preferred for LSG-TS roles; max surface sufficient for LSG-Max train
FE23,hf,data/raw/hf/FE23.npz,lsg_max_train,missing,time series preferred for LSG-TS roles; max surface sufficient for LSG-Max train
FE23,lf120,data/raw/lf120/FE23.npz,lsg_max_train,missing,time series preferred for LSG-TS roles; max surface sufficient for LSG-Max train
FE23,lf300,data/raw/lf300/FE23.npz,lsg_max_train,missing,time series preferred for LSG-TS roles; max surface sufficient for LSG-Max train
FE24,hf,data/raw/hf/FE24.npz,lsg_max_train,missing,time series preferred for LSG-TS roles; max surface sufficient for LSG-Max train
FE24,lf120,data/raw/lf120/FE24.npz,lsg_max_train,missing,time series preferred for LSG-TS roles; max surface sufficient for LSG-Max train
FE24,lf300,data/raw/lf300/FE24.npz,lsg_max_train,missing,time series preferred for LSG-TS roles; max surface sufficient for LSG-Max train
FE25,hf,data/raw/hf/FE25.npz,lsg_max_train,missing,time series preferred for LSG-TS roles; max surface sufficient for LSG-Max train
FE25,lf120,data/raw/lf120/FE25.npz,lsg_max_train,missing,time series preferred for LSG-TS roles; max surface sufficient for LSG-Max train
FE25,lf300,data/raw/lf300/FE25.npz,lsg_max_train,missing,time series preferred for LSG-TS roles; max surface sufficient for LSG-Max train
FE26,hf,data/raw/hf/FE26.npz,lsg_max_validation;lsg_ts_validation,missing,time series preferred for LSG-TS roles; max surface sufficient for LSG-Max train
FE26,lf120,data/raw/lf120/FE26.npz,lsg_max_validation;lsg_ts_validation,missing,time series preferred for LSG-TS roles; max surface sufficient for LSG-Max train
FE26,lf300,data/raw/lf300/FE26.npz,lsg_max_validation;lsg_ts_validation,missing,time series preferred for LSG-TS roles; max surface sufficient for LSG-Max train
FE27,hf,data/raw/hf/FE27.npz,lsg_max_train;lsg_ts_train,missing,time series preferred for LSG-TS roles; max surface sufficient for LSG-Max train
FE27,lf120,data/raw/lf120/FE27.npz,lsg_max_train;lsg_ts_train,missing,time series preferred for LSG-TS roles; max surface sufficient for LSG-Max train
FE27,lf300,data/raw/lf300/FE27.npz,lsg_max_train;lsg_ts_train,missing,time series preferred for LSG-TS roles; max surface sufficient for LSG-Max train
FE28,hf,data/raw/hf/FE28.npz,lsg_max_train,missing,time series preferred for LSG-TS roles; max surface sufficient for LSG-Max train
FE28,lf120,data/raw/lf120/FE28.npz,lsg_max_train,missing,time series preferred for LSG-TS roles; max surface sufficient for LSG-Max train
FE28,lf300,data/raw/lf300/FE28.npz,lsg_max_train,missing,time series preferred for LSG-TS roles; max surface sufficient for LSG-Max train
FE29,hf,data/raw/hf/FE29.npz,lsg_max_train,missing,time series preferred for LSG-TS roles; max surface sufficient for LSG-Max train
FE29,lf120,data/raw/lf120/FE29.npz,lsg_max_train,missing,time series preferred for LSG-TS roles; max surface sufficient for LSG-Max train
FE29,lf300,data/raw/lf300/FE29.npz,lsg_max_train,missing,time series preferred for LSG-TS roles; max surface sufficient for LSG-Max train
FE30,hf,data/raw/hf/FE30.npz,lsg_max_train;lsg_ts_train,missing,time series preferred for LSG-TS roles; max surface sufficient for LSG-Max train
FE30,lf120,data/raw/lf120/FE30.npz,lsg_max_train;lsg_ts_train,missing,time series preferred for LSG-TS roles; max surface sufficient for LSG-Max train
FE30,lf300,data/raw/lf300/FE30.npz,lsg_max_train;lsg_ts_train,missing,time series preferred for LSG-TS roles; max surface sufficient for LSG-Max train
FE31,hf,data/raw/hf/FE31.npz,lsg_max_train,missing,time series preferred for LSG-TS roles; max surface sufficient for LSG-Max train
FE31,lf120,data/raw/lf120/FE31.npz,lsg_max_train,missing,time series preferred for LSG-TS roles; max surface sufficient for LSG-Max train
FE31,lf300,data/raw/lf300/FE31.npz,lsg_max_train,missing,time series preferred for LSG-TS roles; max surface sufficient for LSG-Max train
FE32,hf,data/raw/hf/FE32.npz,lsg_max_train;lsg_ts_train,missing,time series preferred for LSG-TS roles; max surface sufficient for LSG-Max train
FE32,lf120,data/raw/lf120/FE32.npz,lsg_max_train;lsg_ts_train,missing,time series preferred for LSG-TS roles; max surface sufficient for LSG-Max train
FE32,lf300,data/raw/lf300/FE32.npz,lsg_max_train;lsg_ts_train,missing,time series preferred for LSG-TS roles; max surface sufficient for LSG-Max train
FE33,hf,data/raw/hf/FE33.npz,lsg_max_train,missing,time series preferred for LSG-TS roles; max surface sufficient for LSG-Max train
FE33,lf120,data/raw/lf120/FE33.npz,lsg_max_train,missing,time series preferred for LSG-TS roles; max surface sufficient for LSG-Max train
FE33,lf300,data/raw/lf300/FE33.npz,lsg_max_train,missing,time series preferred for LSG-TS roles; max surface sufficient for LSG-Max train
FE34,hf,data/raw/hf/FE34.npz,lsg_max_train;lsg_ts_train,missing,time series preferred for LSG-TS roles; max surface sufficient for LSG-Max train
FE34,lf120,data/raw/lf120/FE34.npz,lsg_max_train;lsg_ts_train,missing,time series preferred for LSG-TS roles; max surface sufficient for LSG-Max train
FE34,lf300,data/raw/lf300/FE34.npz,lsg_max_train;lsg_ts_train,missing,time series preferred for LSG-TS roles; max surface sufficient for LSG-Max train
FE35,hf,data/raw/hf/FE35.npz,lsg_max_train,missing,time series preferred for LSG-TS roles; max surface sufficient for LSG-Max train
FE35,lf120,data/raw/lf120/FE35.npz,lsg_max_train,missing,time series preferred for LSG-TS roles; max surface sufficient for LSG-Max train
FE35,lf300,data/raw/lf300/FE35.npz,lsg_max_train,missing,time series preferred for LSG-TS roles; max surface sufficient for LSG-Max train
FE36,hf,data/raw/hf/FE36.npz,lsg_max_train,missing,time series preferred for LSG-TS roles; max surface sufficient for LSG-Max train
FE36,lf120,data/raw/lf120/FE36.npz,lsg_max_train,missing,time series preferred for LSG-TS roles; max surface sufficient for LSG-Max train
FE36,lf300,data/raw/lf300/FE36.npz,lsg_max_train,missing,time series preferred for LSG-TS roles; max surface sufficient for LSG-Max train
FE37,hf,data/raw/hf/FE37.npz,lsg_max_train,missing,time series preferred for LSG-TS roles; max surface sufficient for LSG-Max train
FE37,lf120,data/raw/lf120/FE37.npz,lsg_max_train,missing,time series preferred for LSG-TS roles; max surface sufficient for LSG-Max train
FE37,lf300,data/raw/lf300/FE37.npz,lsg_max_train,missing,time series preferred for LSG-TS roles; max surface sufficient for LSG-Max train
FE38,hf,data/raw/hf/FE38.npz,lsg_max_train,missing,time series preferred for LSG-TS roles; max surface sufficient for LSG-Max train
FE38,lf120,data/raw/lf120/FE38.npz,lsg_max_train,missing,time series preferred for LSG-TS roles; max surface sufficient for LSG-Max train
FE38,lf300,data/raw/lf300/FE38.npz,lsg_max_train,missing,time series preferred for LSG-TS roles; max surface sufficient for LSG-Max train
FE39,hf,data/raw/hf/FE39.npz,lsg_max_train,missing,time series preferred for LSG-TS roles; max surface sufficient for LSG-Max train
FE39,lf120,data/raw/lf120/FE39.npz,lsg_max_train,missing,time series preferred for LSG-TS roles; max surface sufficient for LSG-Max train
FE39,lf300,data/raw/lf300/FE39.npz,lsg_max_train,missing,time series preferred for LSG-TS roles; max surface sufficient for LSG-Max train
FE40,hf,data/raw/hf/FE40.npz,lsg_max_train,missing,time series preferred for LSG-TS roles; max surface sufficient for LSG-Max train
FE40,lf120,data/raw/lf120/FE40.npz,lsg_max_train,missing,time series preferred for LSG-TS roles; max surface sufficient for LSG-Max train
FE40,lf300,data/raw/lf300/FE40.npz,lsg_max_train,missing,time series preferred for LSG-TS roles; max surface sufficient for LSG-Max train
FE41,hf,data/raw/hf/FE41.npz,lsg_max_train,missing,time series preferred for LSG-TS roles; max surface sufficient for LSG-Max train
FE41,lf120,data/raw/lf120/FE41.npz,lsg_max_train,missing,time series preferred for LSG-TS roles; max surface sufficient for LSG-Max train
FE41,lf300,data/raw/lf300/FE41.npz,lsg_max_train,missing,time series preferred for LSG-TS roles; max surface sufficient for LSG-Max train
FE42,hf,data/raw/hf/FE42.npz,lsg_max_train,missing,time series preferred for LSG-TS roles; max surface sufficient for LSG-Max train
FE42,lf120,data/raw/lf120/FE42.npz,lsg_max_train,missing,time series preferred for LSG-TS roles; max surface sufficient for LSG-Max train
FE42,lf300,data/raw/lf300/FE42.npz,lsg_max_train,missing,time series preferred for LSG-TS roles; max surface sufficient for LSG-Max train
FE43,hf,data/raw/hf/FE43.npz,lsg_max_train,missing,time series preferred for LSG-TS roles; max surface sufficient for LSG-Max train
FE43,lf120,data/raw/lf120/FE43.npz,lsg_max_train,missing,time series preferred for LSG-TS roles; max surface sufficient for LSG-Max train
FE43,lf300,data/raw/lf300/FE43.npz,lsg_max_train,missing,time series preferred for LSG-TS roles; max surface sufficient for LSG-Max train
FE44,hf,data/raw/hf/FE44.npz,lsg_max_train,missing,time series preferred for LSG-TS roles; max surface sufficient for LSG-Max train
FE44,lf120,data/raw/lf120/FE44.npz,lsg_max_train,missing,time series preferred for LSG-TS roles; max surface sufficient for LSG-Max train
FE44,lf300,data/raw/lf300/FE44.npz,lsg_max_train,missing,time series preferred for LSG-TS roles; max surface sufficient for LSG-Max train
FE45,hf,data/raw/hf/FE45.npz,lsg_max_train,missing,time series preferred for LSG-TS roles; max surface sufficient for LSG-Max train
FE45,lf120,data/raw/lf120/FE45.npz,lsg_max_train,missing,time series preferred for LSG-TS roles; max surface sufficient for LSG-Max train
FE45,lf300,data/raw/lf300/FE45.npz,lsg_max_train,missing,time series preferred for LSG-TS roles; max surface sufficient for LSG-Max train
FE46,hf,data/raw/hf/FE46.npz,lsg_max_train,missing,time series preferred for LSG-TS roles; max surface sufficient for LSG-Max train
FE46,lf120,data/raw/lf120/FE46.npz,lsg_max_train,missing,time series preferred for LSG-TS roles; max surface sufficient for LSG-Max train
FE46,lf300,data/raw/lf300/FE46.npz,lsg_max_train,missing,time series preferred for LSG-TS roles; max surface sufficient for LSG-Max train
FE47,hf,data/raw/hf/FE47.npz,lsg_max_train,missing,time series preferred for LSG-TS roles; max surface sufficient for LSG-Max train
FE47,lf120,data/raw/lf120/FE47.npz,lsg_max_train,missing,time series preferred for LSG-TS roles; max surface sufficient for LSG-Max train
FE47,lf300,data/raw/lf300/FE47.npz,lsg_max_train,missing,time series preferred for LSG-TS roles; max surface sufficient for LSG-Max train
FE48,hf,data/raw/hf/FE48.npz,lsg_max_train;lsg_ts_train,missing,time series preferred for LSG-TS roles; max surface sufficient for LSG-Max train
FE48,lf120,data/raw/lf120/FE48.npz,lsg_max_train;lsg_ts_train,missing,time series preferred for LSG-TS roles; max surface sufficient for LSG-Max train
FE48,lf300,data/raw/lf300/FE48.npz,lsg_max_train;lsg_ts_train,missing,time series preferred for LSG-TS roles; max surface sufficient for LSG-Max train
FE49,hf,data/raw/hf/FE49.npz,lsg_max_train;lsg_ts_train,missing,time series preferred for LSG-TS roles; max surface sufficient for LSG-Max train
FE49,lf120,data/raw/lf120/FE49.npz,lsg_max_train;lsg_ts_train,missing,time series preferred for LSG-TS roles; max surface sufficient for LSG-Max train
FE49,lf300,data/raw/lf300/FE49.npz,lsg_max_train;lsg_ts_train,missing,time series preferred for LSG-TS roles; max surface sufficient for LSG-Max train
FE50,hf,data/raw/hf/FE50.npz,lsg_max_validation;lsg_ts_validation,missing,time series preferred for LSG-TS roles; max surface sufficient for LSG-Max train
FE50,lf120,data/raw/lf120/FE50.npz,lsg_max_validation;lsg_ts_validation,missing,time series preferred for LSG-TS roles; max surface sufficient for LSG-Max train
FE50,lf300,data/raw/lf300/FE50.npz,lsg_max_validation;lsg_ts_validation,missing,time series preferred for LSG-TS roles; max surface sufficient for LSG-Max train
FE51,hf,data/raw/hf/FE51.npz,lsg_max_validation;lsg_ts_validation,missing,time series preferred for LSG-TS roles; max surface sufficient for LSG-Max train
FE51,lf120,data/raw/lf120/FE51.npz,lsg_max_validation;lsg_ts_validation,missing,time series preferred for LSG-TS roles; max surface sufficient for LSG-Max train
FE51,lf300,data/raw/lf300/FE51.npz,lsg_max_validation;lsg_ts_validation,missing,time series preferred for LSG-TS roles; max surface sufficient for LSG-Max train
