val_event,model,lf120_rmse,lf120_csi,lf120_delta_rmse_vs_lf_pct,lf120_delta_csi_vs_lf_pct,lf300_rmse,lf300_csi,lf300_delta_rmse_vs_lf_pct,lf300_delta_csi_vs_lf_pct
VE1,LSG-TS,0.081,0.925,87,28,0.157,0.923,89,87
VE1,LSG-Max,0.115,0.917,82,27,0.134,0.911,91,85
VE1,LF,0.629,0.721,,,1.454,0.493,,
VE2,LSG-TS,0.079,0.944,89,26,0.115,0.936,94,81
VE2,LSG-Max,0.145,0.933,81,25,0.120,0.916,94,78
VE2,LF,0.751,0.748,,,1.901,0.516,,
VE3,LSG-TS,0.132,0.889,79,23,0.413,0.791,71,61
VE3,LSG-Max,0.217,0.868,65,20,0.201,0.903,86,84
VE3,LF,0.621,0.724,,,1.40,0.492,,
VE4,LSG-TS,0.123,0.888,80,21,0.237,0.831,84,62
VE4,LSG-Max,0.244,0.904,60,23,0.241,0.908,83,77
VE4,LF,0.609,0.732,,,1.445,0.512,,
